{"iso_loss_": 0.6392506957054138, "_timestamp": 1698284559.8046591, "loss/train_loss_": 0.20513261775672437, "loss/val_loss_": 0.04078954476863146, "collision_ratio_": 0.07999999821186066, "_runtime": 12.3907630443573, "_step": 500, "_wandb": {"runtime": 10}}