{"iso_loss_": 0.3669915795326233, "_timestamp": 1698284619.720223, "loss/train_loss_": 0.1639805489565645, "loss/val_loss_": 0.029995077455948507, "collision_ratio_": 0.07999999821186066, "_runtime": 14.360611915588379, "_step": 700, "_wandb": {"runtime": 11}}